{
  "pools": [
    {
      "rolls": 1,
      "entries": [
        {
          "type": "minecraft:item",
          "name": "minecraft:leather_horse_armor",
          "functions": [
            {
              "function": "minecraft:set_attributes",
              "modifiers": [
                {
                  "attribute": "minecraft:generic.max_health",
                  "name": "",
                  "amount": 0,
                  "operation": "addition",
                  "slot": "mainhand"
                }
              ]
            },
            {
              "function": "minecraft:set_nbt",
              "tag": "{bundle.Backpack:1b,BlockEntityTag:{Items:{}},HideFlags:2,CustomModelData:180005,bundle.Ilegal:1b}"
            },
            {
              "function": "minecraft:set_name",
              "entity": "this",
              "name": {
                "text": "Backpack",
                "italic": false
              }
            },
            {
              "function": "minecraft:set_count",
              "count": 1
            }
          ]
        }
      ]
    }
  ]
}
